database_identifier	chemical_formula	smiles	inchi	metabolite_identification	chemical_shift	multiplicity	taxid	species	database	database_version	reliability	uri	search_engine	search_engine_score	smallmolecule_abundance_sub	smallmolecule_abundance_stdev_sub	smallmolecule_abundance_std_error_sub	CFS11serum	CFS12serum	CFS13serum	CFS14serum	CFS15serum	CFS17serum	CFS19serum	CFS2serum	CFS20serum	CFS21serum	CFS22serum	CFS23serum	CFS24serum	CFS25serum	CFS27serum	CFS29serum	CFS31serum	CFS33serum	CFS34serum	CFS35serum	CFS36serum	CFS37serum	CFS4serum	CFS40serum	CFS41serum	CFS44serum	CFS45serum	CFS5serum	CFS55serum	CFS56serum	CFS6serum	CFS61serum	CFS63serum	CFS9serum	CONT39serum	CONT42serum	CONT43serum	CONT46serum	CONT47serum	CONT48serum	CONT49serum	CONT50serum	CONT51serum	CONT52serum	CONT53serum	CONT54serum	CONT57serum	CONT58serum	CONT64serum	CONT65serum	CONT66serum	CONT67serum	CONT68serum	CONT69serum	CONT70serum	CONT71serum	CONT72serum	CONT73serum	CONT74serum	CFS11urine	CFS12urine	CFS13urine	CFS14urine	CFS15urine	CFS17urine	CFS19urine	CFS2urine	CFS20urine	CFS21urine	CFS22urine	CFS23urine	CFS24urine	CFS25urine	CFS27urine	CFS29urine	CFS31urine	CFS33urine	CFS34urine	CFS35urine	CFS36urine	CFS37urine	CFS4urine	CFS40urine	CFS41urine	CFS44urine	CFS45urine	CFS5urine	CFS55urine	CFS56urine	CFS6urine	CFS61urine	CFS63urine	CFS9urine	CONT39urine	CONT42urine	CONT43urine	CONT46urine	CONT47urine	CONT48urine	CONT49urine	CONT50urine	CONT51urine	CONT52urine	CONT53urine	CONT54urine	CONT57urine	CONT58urine	CONT64urine	CONT65urine	CONT66urine	CONT67urine	CONT68urine	CONT69urine	CONT70urine	CONT71urine	CONT72urine	CONT73urine
CHEBI:16797	C7H9N2O+	C[n+]1cccc(c1)C(N)=O	InChI=1S/C7H8N2O/c1-9-4-2-3-6(5-9)7(8)10/h2-5H,1H3,(H-,8,10)/p+1	1-Methylnicotinamide			NCBITAXON:http://purl.bioontology.org/ontology/STY/T016	Human																																																																					8.3	4.9	12.9	32.6	2.5	5.5	12.2	2.1	5.1	32	44.6	23.5	19.4	17	32.6	3	12.9	16.7	11.2	43.1	29.6	12.6	7.6	3.8	20.8	7	11	13.2	3.5	5.2	16.4	11.6	19.2	16	12.4	13.9	8.1	2.3	35.5	13.4	12.8	20	37.8	28.4	34.1	2.5	8.8	5.2	4.6	12.7	18	57.1	10.6	21.8	9.2	24.4	27.5	35.2
CHEBI:15366	C2H4O2	CC(O)=O	InChI=1S/C2H4O2/c1-2(3)4/h1H3,(H,3,4)	Acetate			NCBITAXON:http://purl.bioontology.org/ontology/STY/T016	Human										6.3	12.1	4.1	6.1	5.4	9	8.2	6.1	9.4	5.8	17.5	7.9	8.6	7.1	7.7	9.4	7.1	6.5	6.2	6.9	4.4	7.6	14.8	10	7.5	7	12	6	23.1	21.3	6.5	21.2	20.6	4.8	7.2	9.6	4.1	8.1	12.8	7.1	9.3	9.1	6.2	7	7.6	12.4	15.4	16.2	17.3	15	16.8	14.5	16.7	18	18	17.1	17.9	15.5	16.8	38.3	34	28.4	112.1	26.1	34.4	83.2	8.4	37.2	43.8	66	91.3	59.5	42.4	47.2	28.8	87.8	50.9	32.7	98.9	95	45.3	26.8	42.4	65.3	39.8	46.5	29.6	63.4	84	65.2	93.7	69.6	38	32.8	49.8	56.2	77	83.3	55.7	86.1	110.7	85.1	70.2	80.3	58.4	75.2	49.1	37.2	106.2	71.1	114.8	325.1	116.3	69.7	102.6	161.7	179.6
CHEBI:16977	C3H7NO2	C[C@H](N)C(O)=O	InChI=1S/C3H7NO2/c1-2(4)3(5)6/h2H,4H2,1H3,(H,5,6)/t2-/m0/s1	L-Alanine			NCBITAXON:http://purl.bioontology.org/ontology/STY/T016	Human										103.5	140.2	120.4	69.9	83.6	106.1	163.2	85	112.4	117.3	72.8	111.1	81.4	90.8	137.4	108.7	78.3	107.4	98.5	80.6	144.9	92.4	74.4	83	169.4	142.4	97.6	131.4	96.9	154.2	100	189.4	118.5	74.5	136.4	134.4	177.9	199.7	73.2	105.5	82.9	171.6	133	99	86.5	100.6	131.6	104.2	104.8	110.3	87.4	161.7	113.3	133.1	116.8	152.2	158.1	101.9	162.9	43.2	47.3	43.9	78.2	16.2	43.1	113.3	8.8	54.9	86.8	58	150.5	81.1	41.2	37.3	40.8	114	60.8	38.2	72.1	26.5	57.9	8.3	83.9	122.4	87	50.9	37	24.1	13.7	114.1	142.6	71.9	72.4	46.2	65.8	48.2	30.2	89.4	44.3	103.7	193.7	70.9	81.8	65.4	32.7	103	33.3	40	95.7	94.9	217	155.5	152	66.9	125.3	151.1	185.9
CHEBI:15676	C4H6N4O3	NC(=O)NC1NC(=O)NC1=O	InChI=1S/C4H6N4O3/c5-3(10)6-1-2(9)8-4(11)7-1/h1H,(H3,5,6,10)(H2,7,8,9,11)	Allantoin			NCBITAXON:http://purl.bioontology.org/ontology/STY/T016	Human																																																																					53.2	42.4	38.6	34.4	30.9	45.2	20.8	15.5	46.4	26.1	45.5	75.1	28.6	36.6	28.3	22.8	87.5	28.5	26	22.5	21.4	27.9	20.4	116.1	57.5	65.1	57.8	44.3	56.2	4.6	45.3	14.9	31.6	55.4	17.4	45.8	40.4	20.5	36	5.9	15.7	64.5	17.8	34.1	15.8	10.7	20.7	6.8	20.7	41.5	17.9	70	36.4	51.2	26.4	41.7	35.8	63.4
CHEBI:16467	C6H14N4O2	N[C@@H](CCCNC(N)=N)C(O)=O	InChI=1S/C6H14N4O2/c7-4(5(11)12)2-1-3-10-6(8)9/h4H,1-3,7H2,(H,11,12)(H4,8,9,10)/t4-/m0/s1	L-Arginine			NCBITAXON:http://purl.bioontology.org/ontology/STY/T016	Human										41.5	29.1	32.2	21.6	30.8	37.9	32.2	0.1	14.8	26.4	26.7	33.3	54.8	36.6	62.2	54.4	39.7	41.6	39.8	26.4	40.2	38.5	37.2	24.2	50.7	48	35	14.9	28.9	70.3	31.8	45.9	42.9	0.1	36	51.9	33.7	47.8	25.1	46.8	13	44.7	20.9	33.3	28.1	32.8	36	52.8	38	48.3	49	46	39.4	52.8	42.9	41.3	47.5	47.4	49.3																																																										
CHEBI:17196	C4H8N2O3	N[C@@H](CC(N)=O)C(O)=O	InChI=1S/C4H8N2O3/c5-2(4(8)9)1-3(6)7/h2H,1,5H2,(H2,6,7)(H,8,9)/t2-/m0/s1	L-Asparagine			NCBITAXON:http://purl.bioontology.org/ontology/STY/T016	Human										21.8	22.4	20.6	18.7	22.1	19.1	20.2	22.8	22.4	19.7	20.3	19.9	23.3	20.6	32.2	20.4	19.1	26.9	22.6	19.3	31.1	18	24.2	17.7	22.4	18	23.4	22.1	32.2	25.9	20.7	25.4	22.6	17.6	26.7	21.2	26.6	30.6	20.8	19.7	18.1	24.6	25.5	26.8	18.7	15.8	22	23	19.7	17.8	25.1	28.1	21.6	23.4	26.7	25	24.2	21.7	26.9																																																										
CHEBI:17053	C4H7NO4	N[C@@H](CC(O)=O)C(O)=O	InChI=1S/C4H7NO4/c5-2(4(8)9)1-3(6)7/h2H,1,5H2,(H,6,7)(H,8,9)/t2-/m0/s1	L-Aspartate			NCBITAXON:http://purl.bioontology.org/ontology/STY/T016	Human										16.6	15.9	14.3	17.7	15.5	12.8	15.3	15.1	16	12.8	15.7	14.9	8.7	16.2	22.1	21.5	16.2	14.5	13.9	13	15.6	15.8	13.3	18.4	21.3	19.3	21.1	9.1	14.3	20.3	11.2	16.7	21.9	12.5	20.2	20.8	19.3	19	14	17.3	13.3	13.7	15.2	13.8	15.2	12.5	10.3	19	11.2	11	8.7	16.9	14	15.2	12	12.9	11.4	9.2	19.2																																																										
CHEBI:17750	C5H11NO2	C[N+](C)(C)CC([O-])=O	InChI=1S/C5H11NO2/c1-6(2,3)4-5(7)8/h4H2,1-3H3	Betaine			NCBITAXON:http://purl.bioontology.org/ontology/STY/T016	Human										10.9	16.2	30.4	4.9	11.2	9.4	11	6.1	26.5	5.5	10.9	9	9.4	10.8	19.3	13.5	13.5	7.1	9.3	13	7.9	4.5	25.7	10.4	14.7	13.3	12.2	13.6	22.9	12.3	14.7	13.6	11.2	10.4	8.7	11.3	10.7	38.5	9	12.8	6.3	12.1	6.1	14.5	12.7	8.7	12.9	12.1	7	16	15	6.1	9.6	15.1	16.4	12.7	11.5	11.2	10																																																										
CHEBI:30769	C6H8O7	OC(=O)CC(O)(CC(O)=O)C(O)=O	InChI=1S/C6H8O7/c7-3(8)1-6(13,5(11)12)2-4(9)10/h13H,1-2H2,(H,7,8)(H,9,10)(H,11,12)	Citrate			NCBITAXON:http://purl.bioontology.org/ontology/STY/T016	Human										23.3	30.9	16.6	23.5	11.5	23.2	29.8	14	37.1	18.5	27.9	37.8	18.1	12.4	27.7	28.3	27.4	17.5	21.6	32.6	16.3	12.2	49.3	22.9	20.5	15.1	23	24.4	31.5	22.8	19.5	25.2	12	14.9	24.7	16.9	19.8	27.5	21.4	20.7	12.2	24.7	20.5	20.3	23.7	17.6	23.9	21.7	29.1	21.6	17.8	24.5	30.4	29.4	24.8	25.9	22.7	22.8	30	1,012.80	1,337.50	861.2	2,438.30	377.4	505.2	1,276.70	199.6	1,050.10	465.5	2,098.40	4,133.90	1,181.30	1,268.50	1,334.70	433.3	1,811.80	425.5	435.5	1,547.20	921	345.2	543	1,358.90	1,662.50	1,582.90	1,302.80	608.6	554.4	482.8	1,188.40	1,294.00	314.4	998.6	227.8	527.1	905.2	956.4	1,267.00	864.8	2,532.80	2,855.80	415.7	794.2	385.3	607.6	1,162.90	385.9	1,269.40	1,336.70	1,468.20	1,819.20	1,749.70	2,044.50	1,312.30	1,492.30	1,651.30	1,934.80
CHEBI:18211	C6H13N3O3	NC(CCCNC(N)=O)C(O)=O	InChI=1S/C6H13N3O3/c7-4(5(10)11)2-1-3-9-6(8)12/h4H,1-3,7H2,(H,10,11)(H3,8,9,12)	Citrulline			NCBITAXON:http://purl.bioontology.org/ontology/STY/T016	Human										28.6	21.8	15.2	12.6	11.2	15.1	22.5	12.7	31.1	12.5	13.8	16.7	10	15.4	31.2	18.2	14.3	26.5	14.6	17.8	22.9	12	28	17.3	16.9	17.8	14.7	26.2	35.4	16.8	25.7	22.1	8.2	32.8	14.7	20.8	21.5	25	15.8	20.7	14.8	26.4	14.9	20.7	19.8	14.1	16.7	13.1	16.5	16.8	20.7	12.2	16	17.5	23.4	23.5	21.5	18.9	22.4																																																										
CHEBI:16919	C4H9N3O2	CN(CC(O)=O)C(N)=N	InChI=1S/C4H9N3O2/c1-7(4(5)6)2-3(8)9/h2H2,1H3,(H3,5,6)(H,8,9)	Creatine			NCBITAXON:http://purl.bioontology.org/ontology/STY/T016	Human										8.8	6.2	12.3	1.4	3.5	9	3.8	6.3	2.1	5.2	2.7	5.2	22.3	15.9	9.5	11.5	4	8.2	6.9	4.9	13.3	17.2	25.1	4.8	20	9.6	6.8	8.6	4.2	8.8	14.7	6.4	4.8	4.4	9.1	6.4	4.1	9.5	5.8	3.5	9.9	7.8	9.6	8.6	5.4	9.7	6.5	6.4	5.9	11.2	16.1	6.6	3.2	9.3	5.5	7.2	5.6	9.6	7.3	57.5	34.4	260.8	175.9	14.7	79	359.7	5.2	40.9	73.4	121.5	168.6	785.6	675.6	49.3	123.2	193.8	36	28.8	974.1	156.9	664	46.7	55.9	191.3	178	118.3	161.2	27.9	44.2	114.8	156.6	124.3	76.3	32.8	59.3	38	73.8	616.1	137	119.1	283.8	152.4	159	141.9	336.9	94.4	54.3	111.1	712.1	500	216.3	95	698.6	383.7	541.1	317	314.1
CHEBI:16737	C4H7N3O	CN1CC(=O)NC1=N	InChI=1S/C4H7N3O/c1-7-2-3(8)6-4(7)5/h2H2,1H3,(H2,5,6,8)	Creatinine			NCBITAXON:http://purl.bioontology.org/ontology/STY/T016	Human										18.1	16.2	13	12	13.5	7.5	6.9	17.1	7.5	5.8	6.3	7.2	5.3	7.4	7.4	6.7	19.8	15.5	18	21.4	20	14.3	25.8	19.5	20.9	23	18.8	17.4	23.4	24.4	22	18	23.5	18.1	19.8	20.8	17.3	21.4	18.1	17.2	14.2	17.1	14.2	19.9	15	7.2	20.5	21.5	19.5	17.4	16.4	17.2	17.5	16.2	17.7	18.1	15.6	17	18.3	1,416.50	1,373.70	1,193.30	4,559.00	630	892.2	1,670.30	328.5	1,706.40	3,531.60	3,312.70	4,451.70	1,970.30	1,475.80	1,184.40	453.8	3,026.00	1,569.10	680.6	1,405.90	657.9	1,159.60	912.5	1,053.10	2,593.80	1,320.00	1,919.30	2,658.90	117.6	154.6	2,564.50	367.7	406.3	3,054.90	967.3	1,292.00	762.2	247.7	647.9	246.7	470.5	635.4	528.6	483.2	491.4	150.8	421.5	228.2	1,531.80	1,839.00	2,566.00	3,983.80	1,945.40	2,798.40	1,773.40	2,496.20	2,687.50	3,005.20
CHEBI:30751	CH2O2	[H]C(O)=O	InChI=1S/CH2O2/c2-1-3/h1H,(H,2,3)	Formate			NCBITAXON:http://purl.bioontology.org/ontology/STY/T016	Human										5.8	6.3	3.2	4	3.4	5.8	4.6	4	4.5	6.4	7.7	4.8	4.5	2.6	7.6	8.9	5.5	4.7	4.9	6.2	3.3	5.6	4	6.5	5.3	3.2	5.9	4.9	8.5	10	5.1	15.7	10.7	4.4	7.4	6.5	4.8	6.9	5.2	3.1	4.1	7.6	4	6.5	5.7	8.2	4.6	7.6	9.9	4.9	7	8.3	7.1	48.6	6.5	7.2	6.4	6.4	8.1	30.6	43.1	23.2	55.5	17.1	16	66.4	7.6	37.2	12.6	35.9	65.7	25	51	22.4	22.6	28.5	36.1	11.3	46.5	14.8	11.5	15.5	56.1	47	11.2	30.6	20.9	35.5	140.5	57.5	46	29.8	91.4	20	26.5	21	149.3	193.3	20.7	45.8	83.4	57.1	48.5	56.3	73.3	74.1	22.7	33.1	60.4	68.6	123.6	172.9	117.7	112.8	77.7	128.6	211.2
CHEBI:15824	C6H12O6			D-Fructose			NCBITAXON:http://purl.bioontology.org/ontology/STY/T016	Human																																																																					149.1	185.3	130.6	843.8	58.3	105.9	206.5	32.4	247	360.2	336.7	475.4	290.3	181.6	130	57.8	505.5	235.1	171.6	156.1	130.3	187	43.3	114.2	393.6	268	254.4	113.2	144.4	81.3	220.7	202.5	183.5	268.7	107.6	175.8	103.1	200.5	387.5	163.5	250	429.4	327.8	260.1	314.1	73.5	261	115	184	146.4	270.9	574.8	182.1	360.9	179.9	293.8	386.2	425
CHEBI:4167	C6H12O6	OC[C@H]1OC(O)[C@H](O)[C@@H](O)[C@@H]1O	InChI=1S/C6H12O6/c7-1-2-3(8)4(9)5(10)6(11)12-2/h2-11H,1H2/t2-,3-,4+,5-,6?/m1/s1	D-Glucose			NCBITAXON:http://purl.bioontology.org/ontology/STY/T016	Human										1,500.40	1,280.00	614.9	1,046.80	1,022.60	1,812.20	1,392.20	1,178.40	999.8	1,130.20	1,156.00	1,464.60	875.8	950.2	1,112.00	1,045.00	1,195.40	1,312.00	1,535.90	811	1,417.70	1,068.70	1,298.20	1,235.90	1,092.10	1,610.50	1,550.50	1,015.60	980.7	1,062.70	1,368.50	870.2	902.8	995.1	1,503.30	1,299.40	894.7	661.5	1,130.10	1,062.90	1,151.10	1,176.60	895.7	954.3	952.2	868.7	806.8	640.5	1,234.70	1,020.80	911.3	417.6	827.9	862.4	912.2	813.2	898.2	1,120.40	683.2	62.9	67.1	49.5	346.1	41.4	51.7	108.6	16.8	87.2	120.1	165	190.5	96.1	78.4	77.3	31.1	176.3	89.2	51.4	83	60.8	69.4	38.9	67.1	147.5	111.2	113.6	86.3	59.8	46.5	128.2	90	107.8	85.9	72.6	66	52.4	104.8	165.3	68.3	116.9	159.1	210.2	92.1	219.6	42.4	81.6	42.2	80.7	76.4	81.6	228.4	103.4	92	87	122.3	136.4	176.9
CHEBI:16015	C5H9NO4	N[C@@H](CCC(O)=O)C(O)=O	InChI=1S/C5H9NO4/c6-3(5(9)10)1-2-4(7)8/h3H,1-2,6H2,(H,7,8)(H,9,10)/t3-/m0/s1	L-Glutamate			NCBITAXON:http://purl.bioontology.org/ontology/STY/T016	Human										40.2	37.9	25.1	23	28.3	38.1	33.8	18.9	34.2	30.6	23.2	28.1	24.6	22.2	33.9	42.1	35.7	34.6	37.4	27.2	32	31.9	42	37	47.3	50.6	33.6	20.5	36.5	40.2	31.4	49.9	54.3	25.1	42.7	59.1	55.3	72.9	26.7	40.2	23.5	53.3	41.8	39.9	36.7	45	26.7	44.5	34.4	42.3	24.4	52	36.6	54.7	30.6	37.4	42.2	34.9	57.7																																																										
CHEBI:18050	C5H10N2O3	N[C@@H](CCC(N)=O)C(O)=O	InChI=1S/C5H10N2O3/c6-3(5(9)10)1-2-4(7)8/h3H,1-2,6H2,(H2,7,8)(H,9,10)/t3-/m0/s1	L-Glutamine			NCBITAXON:http://purl.bioontology.org/ontology/STY/T016	Human										183.3	154.7	151.2	121.2	148.8	134.8	175	135.8	155.3	114.9	140.9	150.2	118.2	109.2	171.7	154	156.7	134.7	132.8	132	151.3	105.3	175.2	129.1	178.5	149.1	138	122.2	159	194.8	168.4	155.7	156.2	119.8	164.9	170.5	170.2	218.6	116.6	147.9	132.2	180.9	105.3	167.4	151.8	123.7	183.3	142	122.3	170.6	162.3	109.8	165.8	167	163.7	168.8	146.1	144.3	145.3																																																										
CHEBI:15428	C2H5NO2	NCC(O)=O	InChI=1S/C2H5NO2/c3-1-2(4)5/h1,3H2,(H,4,5)	Glycine			NCBITAXON:http://purl.bioontology.org/ontology/STY/T016	Human										68.2	70.8	71.8	43.2	59.7	62.5	92.8	47.7	65.4	40.9	57.7	79.5	58.3	48.4	108.1	94.3	62.8	44.7	72.7	88.6	95.8	44.3	89.2	54.7	68.2	66.6	57	65.1	69.8	120.7	64.7	116.4	114	68.7	56.5	59.7	69.8	132.5	42.8	48.8	53.9	94.3	61.4	92.9	59.1	48.2	73.1	84	49.8	61.3	90	71.2	88.6	87.6	80.5	94.9	91.8	63.9	87.7	353.7	180.5	232.5	612.3	117.7	303.2	528.5	43.6	280.1	178.8	632.9	854.8	374	208.1	265.8	187.9	639.1	172.5	227.6	683.1	125.8	130.1	110	304	557.4	416.2	282.8	144.7	130.4	97.2	365.8	1,821.30	130	406.4	225.5	345.2	180.5	213.2	345.9	164.1	555.1	986.3	111.6	378.8	110	93.3	425.1	109.3	146.4	581.1	956.8	365.9	477.3	554.8	472.2	648.3	720.5	464.4
CHEBI:18089	C9H9NO3	OC(=O)CNC(=O)c1ccccc1	InChI=1S/C9H9NO3/c11-8(12)6-10-9(13)7-4-2-1-3-5-7/h1-5H,6H2,(H,10,13)(H,11,12)	Hippurate			NCBITAXON:http://purl.bioontology.org/ontology/STY/T016	Human																																																																					2,175.30	738.2	478.9	2,435.00	476.6	127.3	1,012.30	139.6	698	1,049.20	2,575.80	580.2	350.4	335.5	201.2	197.9	876.2	384.1	265.6	338.2	104.5	75.8	73.9	360.9	467.3	131.1	516.4	35.3	466.9	583	289.9	1,039.50	408.6	648.5	430.4	467.8	800.5	1,263.70	636.4	116.8	352.8	879.5	447.4	209.8	424.4	52.5	730.8	182.2	239.8	222	450.9	1,487.60	1,338.30	1,066.80	286.1	605.5	979.9	1,401.20
CHEBI:15971	C6H9N3O2	N[C@@H](Cc1c[nH]cn1)C(O)=O	InChI=1S/C6H9N3O2/c7-5(6(10)11)1-4-2-8-3-9-4/h2-3,5H,1,7H2,(H,8,9)(H,10,11)/t5-/m0/s1	L-Histidine			NCBITAXON:http://purl.bioontology.org/ontology/STY/T016	Human										33.4	25.2	26.3	17.4	14.3	18.1	20.8	20	27.6	16.1	16.7	17.8	21.6	21.4	26.1	22.1	22	28.6	19.4	20.5	23.8	17.2	23.9	21.3	29.5	22.2	22	23.8	25.6	24	24.2	26.9	11.3	20.8	22.2	26.9	28.5	27.3	18.3	23.2	16.3	23.3	21.4	25.5	23	17.5	23.6	21.6	20.7	21.3	20.3	21.7	24	23.8	24.7	27.2	24.4	22.9	25.1																																																										
CHEBI:17368	C5H4N4O	O=c1[nH]cnc2nc[nH]c12	InChI=1S/C5H4N4O/c10-5-3-4(7-1-6-3)8-2-9-5/h1-2H,(H2,6,7,8,9,10)	Hypoxanthine			NCBITAXON:http://purl.bioontology.org/ontology/STY/T016	Human										2.2	3.3	2.5	3.8	3.6	4.3	3.9	2.3	3.3	4.7	3.2	8.7	3.5	5.5	3.9	4.3	4.6	6.4	3.1	2.4	3.5	3	2.1	3.3	3	4.9	5.6	1.9	14.7	22.8	3.5	34.5	36.3	2.6	2.9	8.3	3	36.3	3.3	5.8	4.2	28.5	12.7	18.6	14.2	11.1	2.9	44.2	5.2	20.6	5.7	36.9	25.2	24	14.4	23.8	26.8	9.7	37.8	4.9	7.3	6	25.2	1.4	4.7	11.5	1.1	10.8	24.4	36.1	24.5	14.7	11.1	12.3	3.3	14.1	10.6	5.1	8.2	5.3	7.4	4.1	7	22.3	7.8	12.1	8.6	2.3	4.9	13.6	8.5	16.8	17.7	8.3	16.5	7.4	4.8	17.1	10.7	14.9	18.5	16.3	21.6	20.1	6.3	6.4	10.8	7.2	12.5	25.6	30.3	10.2	16.5	14.9	21.1	24.1	19.1
CHEBI:16135	C4H8O2	CC(C)C(O)=O	InChI=1S/C4H8O2/c1-3(2)4(5)6/h3H,1-2H3,(H,5,6)	Isobutyrate			NCBITAXON:http://purl.bioontology.org/ontology/STY/T016	Human																																																																					12.6	7.6	7.9	26.1	3.4	3.6	16.1	2.3	7.5	14.7	13.2	21.2	15.3	9.8	8.3	5.3	19.2	11.9	6.7	20.8	12	11.1	8.6	11	30	15.8	18.1	4.4	6.3	3.7	33.6	12.9	7.3	8.4	7.2	12.2	9	8.4	22.6	7.9	28.1	20.9	9.8	18.7	9.6	21.7	11.2	6.1	13.9	23	17.4	24	18.9	18.8	17.7	22.4	23.4	20.8
CHEBI:17191	C6H13NO2	CC[C@H](C)[C@H](N)C(O)=O	InChI=1S/C6H13NO2/c1-3-4(2)5(7)6(8)9/h4-5H,3,7H2,1-2H3,(H,8,9)/t4-,5-/m0/s1	L-Isoleucine			NCBITAXON:http://purl.bioontology.org/ontology/STY/T016	Human										32.8	20.4	15.7	9.9	15.3	10.6	11.4	14.9	26.8	16.1	11.5	13.6	18.2	9.2	22.6	16.5	14.4	18.8	11.2	9.3	14.7	16.4	45	13.6	23.1	18.8	15.6	10.6	23.5	16.4	16.4	14.8	15.4	15	17.5	26.1	20.7	26.5	14.5	23.1	13.5	17	12.7	17.8	17.4	14.2	16	18.6	16.9	13.7	21.1	15.4	13.5	15.3	18.3	17.3	15	16.9	17.1	6.1	7	5.8	25.9	4.2	4.9	9	1.5	9.3	12.5	15.6	43.6	13.3	8.7	12.9	4.6	19.4	8.8	7.2	16.9	9.4	7.6	7.8	13	17	8	13	6	6.8	3.4	17.2	12.7	16.3	11.1	5.1	7.9	4.9	8.1	21.1	6.9	14.6	31.7	8.1	14.4	7.3	5.7	8.9	7.1	8	23.7	19.1	25.4	14.2	11.7	16.3	21.7	23	19.5
CHEBI:422	C3H6O3	C[C@H](O)C(O)=O	InChI=1S/C3H6O3/c1-2(4)3(5)6/h2,4H,1H3,(H,5,6)/t2-/m0/s1	L-Lactate			NCBITAXON:http://purl.bioontology.org/ontology/STY/T016	Human										281.7	334	206.6	229.5	161.4	380.2	359.9	241	382.6	298.9	257.7	462	153.2	385.1	237.9	260.8	239.8	311.1	293.3	285	277.9	268.6	380.7	455	425.3	455.2	475.6	374.2	776.2	799.7	325.9	1,364.10	867.5	240.2	358.8	322.8	255.5	1,006.90	462.9	255.6	422.9	842.6	888.6	669.2	565.5	736.9	295.5	1,103.30	281.9	598	193.8	1,393.50	1,067.30	1,071.00	599.4	864.4	922	353	1,448.70	64.7	31	35.3	91.7	13.2	107.5	38.5	6.2	38	57.1	82.7	111.4	60.4	44.8	34.9	15.1	82.3	133.9	20.2	50.3	62	37.8	17.9	53.2	68.8	67	48.2	31.9	40.1	19	169.2	71	48.5	61.7	32.1	37.7	30.3	32.8	104.7	45.1	63.1	119.5	68.7	58.8	63.2	39	46.5	27.1	33.5	63	59.1	126.7	101.2	69.5	53.4	78.5	95.2	107.6
CHEBI:15603	C6H13NO2	CC(C)C[C@H](N)C(O)=O	InChI=1S/C6H13NO2/c1-4(2)3-5(7)6(8)9/h4-5H,3,7H2,1-2H3,(H,8,9)/t5-/m0/s1	L-Leucine			NCBITAXON:http://purl.bioontology.org/ontology/STY/T016	Human										62.6	41.6	30.3	24.6	32.1	23.1	29.3	27	47.2	34.2	21.7	28.4	30.9	23.3	42.4	34	29	40.3	23	19.3	30.3	35.2	83.6	25.7	43.5	36.6	36.2	27.8	42.7	35.4	40.2	33.8	38	31.1	36.4	54	38.6	53.5	28.2	41.6	29.7	36.4	31	39.7	37.5	33.4	32.9	39.1	34.4	26	40.6	35.3	34.5	34	36.9	35.9	33.6	33.5	39.4	10.3	10	10.3	38.7	4.2	9.4	17.2	1.6	10.9	26.8	21	34.5	17.5	14.1	11	5.9	27.7	16	9.9	34	13	16.1	8	14.2	27	15.1	19.9	13.4	7.5	6.7	27	17	14.9	19.8	11.4	12.4	8.4	10.7	34.2	11.5	20.8	28.8	14.8	18.7	12.8	6.6	15	8.4	10.6	24	22.8	31.5	18.7	28.2	16.9	25.6	28.8	28.7
CHEBI:18019	C6H14N2O2	NCCCC[C@H](N)C(O)=O	InChI=1S/C6H14N2O2/c7-4-2-1-3-5(8)6(9)10/h5H,1-4,7-8H2,(H,9,10)/t5-/m0/s1	L-Lysine			NCBITAXON:http://purl.bioontology.org/ontology/STY/T016	Human										51.8	45.8	42.2	36.2	45.9	39.6	41.4	37.5	38.9	40.5	34.7	37.1	55.8	41.8	63.6	40.2	40	45.5	37.2	30.3	46.1	40.5	67.8	29	62.9	48.4	44.3	45.6	32.8	58.9	57.6	54.5	43.2	40.5	43.7	61.4	44.4	65.4	45	45.8	37.1	53.6	50.4	52.4	43.9	44.9	40.6	49.5	35.7	43.2	57.1	47.9	43.4	54.5	40.2	49.6	49.4	41.5	54.6																																																										
CHEBI:30794	C3H4O4	OC(=O)CC(O)=O	InChI=1S/C3H4O4/c4-2(5)1-3(6)7/h1H2,(H,4,5)(H,6,7)	Malonate			NCBITAXON:http://purl.bioontology.org/ontology/STY/T016	Human																																																																					117	133.8	103	388.7	75	119.2	199.4	32.8	228.3	256.1	357.3	345.3	173.2	132.4	131.1	62.2	220	143.8	100.2	146.7	148.3	173.5	126.7	194.1	272.5	142.7	248.5	164	37.7	68.1	224.6	105.1	145.7	179	131.3	191.9	117.7	150.6	306.4	107	326.4	456.9	178.9	186.6	171.9	76	178.6	76.6	135	180.1	176.1	887.3	297.3	320.2	151.3	190.6	202.7	285.2
CHEBI:17306	C12H22O11	OC[C@H]1O[C@H](O[C@@H]2[C@@H](CO)OC(O)[C@H](O)[C@H]2O)[C@H](O)[C@@H](O)[C@@H]1O	InChI=1S/C12H22O11/c13-1-3-5(15)6(16)9(19)12(22-3)23-10-4(2-14)21-11(20)8(18)7(10)17/h3-20H,1-2H2/t3-,4-,5-,6+,7-,8-,9-,10-,11?,12-/m1/s1	Maltose			NCBITAXON:http://purl.bioontology.org/ontology/STY/T016	Human																																																																					3.2	10.9	3.1	3.5	1	6.1	5	2.4	6.6	6.5	12.1	96.6	6.8	3.2	3.1	11.4	2.2	7	6.7	3.2	4.7	11.4	2.1	12.7	11.2	7.4	2.4	3.2	4.3	2.4	21.6	4.9	52.1	11.1	7.3	5.3	3.8	3.1	20.8	8.3	12.6	149.6	2.3	9.5	1.8	1	17.6	2.2	5.6	7.5	10.2	46.4	138	14.7	6.7	15.7	54.1	64.3
CHEBI:29864				Mannitol			NCBITAXON:http://purl.bioontology.org/ontology/STY/T016	Human																																																																					290.9	80.6	56.2	402.8	55.3	67.1	100.4	19.6	102.9	195.9	455.7	272.6	185.3	92.1	73.2	42.7	198.9	140	73.9	111.2	153.7	124.1	38.3	109.8	305.3	342.9	148.5	76.9	249.4	714	212.3	259.4	115.2	175.5	95.4	129.7	98.2	701	321.2	259	132.9	2,066.80	169.3	174.6	167.4	57.9	152.6	157.2	106	114.8	188.6	585.7	262.7	479.9	135.3	240.1	314.6	579.6
CHEBI:70958	C7H11N3O2	Cn1cnc(CC(N)C(O)=O)c1	InChI=1S/C7H11N3O2/c1-10-3-5(9-4-10)2-6(8)7(11)12/h3-4,6H,2,8H2,1H3,(H,11,12)	1-Methylhistidine			NCBITAXON:http://purl.bioontology.org/ontology/STY/T016	Human																																																																					8.3	40.1	258.8	28.7	12.9	29.7	175	1	30.6	1,295.40	309.4	549.7	959.8	980	86.3	134.6	342.4	66.2	34.1	1,582.30	285.7	141.7	1	163.4	411.9	396	730.4	32.1	15	34.6	1,324.10	370.1	464.3	332.5	383.5	119.4	27.2	76.6	461.2	39	586.3	391.9	414	263.4	409.8	177.5	189.8	17.6	183.5	758.9	85.4	406.8	124.1	278.9	349.3	557.5	249.8	295.2
CHEBI:18257	C5H12N2O2	NCCCC(N)C(O)=O	InChI=1S/C5H12N2O2/c6-3-1-2-4(7)5(8)9/h4H,1-3,6-7H2,(H,8,9)	Ornithine			NCBITAXON:http://purl.bioontology.org/ontology/STY/T016	Human										31.1	31.1	28.2	15.8	30.7	23.5	27.9	24.3	46.8	17.4	22.2	36.5	24.9	25.1	41.7	29.3	31.2	21.4	22.9	19	28.5	15.6	36.1	25.4	28.6	31.1	30.6	31.3	43.8	43	34.2	43.1	41.4	27.7	24.8	35	31.4	55.2	27.4	31.1	33.6	39.8	30.4	40.3	33.7	31.4	20.5	43.5	18.1	31.4	31	36.7	34.1	33	30.8	30.8	36.6	26	38.8																																																										
CHEBI:17295	C9H11NO2	N[C@@H](Cc1ccccc1)C(O)=O	InChI=1S/C9H11NO2/c10-8(9(11)12)6-7-4-2-1-3-5-7/h1-5,8H,6,10H2,(H,11,12)/t8-/m0/s1	L-Phenylalanine			NCBITAXON:http://purl.bioontology.org/ontology/STY/T016	Human										19	16.4	13.3	9.6	11.9	12	12.2	12.1	19	12.3	9.4	14.5	11.4	11.2	16.8	16.1	14.5	15.8	16.1	10.8	15.2	13.7	15.9	15.3	14.9	16.7	18.4	15.6	20.7	20.8	15.7	17.8	22.3	12.2	17.9	19.1	17.9	24.7	12.8	16.1	12.7	19.6	19.4	17.9	16.9	19.8	13.8	23.1	20.4	15.7	15.4	22.7	19.4	17.3	18.7	19.1	17.9	18.6	21.9	180.2	235.4	50.6	581.3	98	108.4	517.1	24.1	144.6	246.9	248.9	482.7	428.7	124.8	136.9	125.8	453.7	171.4	99.4	210.6	82.8	209.3	106.1	166.1	182.3	84.1	171.9	112.7	63	70.4	157.7	98	192.6	105.6	185.7	145.6	147.7	311.2	233.4	85.1	299.7	289.6	228.2	112.3	217	65.6	82.3	117.1	127.4	189.5	171.4	541.8	319	312.3	157.7	274.3	279.7	411.5
CHEBI:17203	C5H9NO2	OC(=O)[C@@H]1CCCN1	InChI=1S/C5H9NO2/c7-5(8)4-2-1-3-6-4/h4,6H,1-3H2,(H,7,8)/t4-/m0/s1	L-Proline			NCBITAXON:http://purl.bioontology.org/ontology/STY/T016	Human										52.2	57.6	47.4	26.5	31.7	42.6	60.5	33.7	66.3	35.8	41.2	39.1	35.5	37.1	43.1	62.8	44.4	37.5	46.4	33.6	48	43.3	73.8	36.8	69.9	80	36.4	34.8	41.4	59.1	58.4	56.1	88.5	42.9	66.6	83.5	97.7	104.8	37.7	57.5	37.6	76.2	50.8	52.3	51	48.1	42.1	68.2	32.1	71.1	46.2	44.3	35.8	64.7	36.7	49.4	48.9	44.7	65.7																																																										
CHEBI:32816	C3H4O3	CC(=O)C(O)=O	InChI=1S/C3H4O3/c1-2(4)3(5)6/h1H3,(H,5,6)	Pyruvate			NCBITAXON:http://purl.bioontology.org/ontology/STY/T016	Human																																																																					13.8	11.6	11.9	40	4.6	6.5	12.2	1	18.2	16	38.2	34.7	17.7	12.5	9.2	5.1	36.4	14	10	13.6	10.5	14.2	10.4	14.5	21.7	20	22.2	5	5.8	6.9	16	20.7	13.4	15	11.4	13.3	10.3	18.9	23.8	12.4	17.3	38.1	18.6	22.7	17.2	9.3	15.8	9.3	13.6	28.3	22.1	51.7	33.9	26.4	18.1	31.2	33.5	37.7
CHEBI:17115	C3H7NO3	N[C@@H](CO)C(O)=O	InChI=1S/C3H7NO3/c4-2(1-5)3(6)7/h2,5H,1,4H2,(H,6,7)/t2-/m0/s1	L-Serine			NCBITAXON:http://purl.bioontology.org/ontology/STY/T016	Human										31.7	36.7	33.3	33.5	29.1	35.5	38.4	32.9	35.9	31.5	40.4	39.6	38.2	31.5	45	42.2	50.5	32.9	28.9	25.5	34	35.1	64.4	33.2	42.1	26	40.5	37.6	50.4	64.3	40.8	52.5	68.9	31.4	32.1	34.3	38.3	62	30.1	29.4	23.1	44.7	33.1	45.1	34	31.2	34.4	59.2	29.7	44.1	42.5	45.1	45.1	41.3	39.4	45.9	46.2	36.2	48.5	155.6	153.8	120.2	585.3	98	100	401.9	51.5	211.2	313.4	360.5	563	303.2	170.5	149.6	93.4	604.8	162.8	336	375	225.2	238	74.2	233.6	438.5	321.4	319.7	157.9	130.9	104.3	403.6	406.2	220.7	267.3	207.1	241.9	151.6	211.6	692.8	190.1	419.7	611.6	322.4	432.1	305.1	142.5	379.4	124.7	169.2	452.7	434.2	887.8	432.8	498.1	319.5	478	546.7	702.9
CHEBI:15741	C4H6O4	OC(=O)CCC(O)=O	InChI=1S/C4H6O4/c5-3(6)1-2-4(7)8/h1-2H2,(H,5,6)(H,7,8)	Succinate			NCBITAXON:http://purl.bioontology.org/ontology/STY/T016	Human																																																																					26.8	19.4	11.1	113	7.8	14.2	5.7	6.2	25.1	12.1	70.5	57.3	33.8	17.5	14.5	6.7	59	44.3	12.8	34.4	24.5	15.2	24.4	19.4	27.8	54	25.7	12.4	20.4	16.9	21	97.6	33.2	18.7	8.2	19.1	27.2	44.4	28.9	27.8	32.8	68.8	30.5	32.8	28.9	29.1	48.1	21.5	13.1	22	39	97	24.8	28.8	21.9	40.5	48.7	60
CHEBI:16857	C4H9NO3	C[C@@H](O)[C@H](N)C(O)=O	InChI=1S/C4H9NO3/c1-2(6)3(5)4(7)8/h2-3,6H,5H2,1H3,(H,7,8)/t2-,3+/m1/s1	L-Threonine			NCBITAXON:http://purl.bioontology.org/ontology/STY/T016	Human										43.4	41.3	40.1	39.1	32.3	42	38.6	46.3	28.1	34.4	30.8	33.7	37	42.1	44.1	39.8	32.9	50.7	28.8	25	41.2	46.7	56.3	31.4	60.4	43.6	33.5	35	28.4	50.3	44.2	49.6	47.2	35.6	45	42.9	48.8	56.1	40.8	42.6	43.9	55.8	54.2	43.6	32	35.5	43.7	41.1	37.4	52.5	52.1	35.8	41.8	47.9	33.3	42.7	44.1	44.4	39.6	36.4	31.9	44.2	148.2	16.8	50.7	65	6.9	44.1	61.8	65.1	136.8	61.6	53.3	42	26.3	105.9	71.5	28.5	137.5	70.7	50.5	22.1	61.9	91.9	64.6	42.5	36.8	63.8	18.2	97.5	95	58.6	48.3	38.6	41.1	32.8	33.7	111.9	41	86	131.3	76.8	91.3	69.4	32.7	63.2	25.6	48.2	165.7	86.3	121.6	90.5	70.5	87.7	132.2	103.8	125.3
CHEBI:18123	C7H7NO2	C[n+]1cccc(c1)C([O-])=O	InChI=1S/C7H7NO2/c1-8-4-2-3-6(5-8)7(9)10/h2-5H,1H3	Trigonelline			NCBITAXON:http://purl.bioontology.org/ontology/STY/T016	Human																																																																					145.2	140.3	37.8	36.6	22	33.3	94.5	6.3	55	8.7	31.9	52.5	16.3	19.5	61.8	12	125.8	21.7	41.4	25.6	34	13.6	2.6	30.7	29.3	37.3	266.1	20.5	29.9	49	21.3	66.5	99	194.6	77.5	113.5	113.4	143.2	27.2	35.6	12.8	27.2	35	29	30.7	3.6	220.2	10.9	18.5	31.3	24.1	34.7	333.8	81.9	22.4	30.6	114.5	134
CHEBI:16828	C11H12N2O2	N[C@@H](Cc1c[nH]c2ccccc12)C(O)=O	InChI=1S/C11H12N2O2/c12-9(11(14)15)5-7-6-13-10-4-2-1-3-8(7)10/h1-4,6,9,13H,5,12H2,(H,14,15)/t9-/m0/s1	L-Tryptophan			NCBITAXON:http://purl.bioontology.org/ontology/STY/T016	Human										14.1	13.8	11.5	12.3	10.3	8.6	12.8	15.1	15.1	10.6	14	11.4	11.6	13.7	16.4	14.5	13	16.2	13.4	11.6	15	13.1	11.6	14.9	17.1	19.1	15.4	11.2	14.9	15.8	13.4	12.1	13.6	14.5	16.4	18.8	17.3	16	11.2	16.3	12.9	13.5	11.8	14.6	14.7	13.5	14.3	13.2	12.9	13.1	17.4	13.9	11	14.1	15	13.8	11.9	16.7	14.5	36.6	21.1	21.5	49.1	8.9	5	31.3	3.2	16	47.3	35.8	27.6	25.5	13.4	8.1	10.2	43.4	24	14.1	22.7	6.1	16.6	32.8	17.5	29.5	15.8	22.3	39.1	11.7	11.6	15.8	33.1	14.4	18.2	14.6	25.3	17.2	29.6	24	16.3	50.2	40.7	21.1	42.3	17.2	9.7	31.3	6.2	13.5	30.1	34.7	65.2	43.7	34.4	19	40.8	63.1	52
CHEBI:17895	C9H11NO3	N[C@@H](Cc1ccc(O)cc1)C(O)=O	InChI=1S/C9H11NO3/c10-8(9(12)13)5-6-1-3-7(11)4-2-6/h1-4,8,11H,5,10H2,(H,12,13)/t8-/m0/s1	L-Tyrosine			NCBITAXON:http://purl.bioontology.org/ontology/STY/T016	Human										22.6	17	12.9	7.9	18.8	8	13.3	13.4	19.1	7.9	10.5	15.5	10.3	9	19.1	13.4	11.8	11	11.2	9.2	11.2	11.4	15.3	14.4	20.3	16.4	15.3	12.4	18.4	11.7	15.2	14.7	12.5	17.1	13.4	25.4	19.7	26.5	8.1	21	16.1	20	10.9	16.4	13.4	15.5	14.3	17.1	13.3	14.4	16.2	14.5	12.7	11.9	14.2	14.8	14.2	13.9	14.8	15.5	78.3	15.8	23.9	66.8	7.3	104.1	2.9	14.9	23.7	29	54.2	22.7	14.1	15.7	10.4	41	27.7	14.6	25.3	6.6	20.2	3	17.3	37.6	20.4	31.5	13.2	9.5	8	23.7	32.2	14.5	19.4	12.6	21.4	13.9	15.7	32.3	16.6	45.4	55.1	21.2	36.3	18.5	13.6	26.6	12.3	12.1	41.3	60	49.6	88.6	34.1	34.1	51.3	56	45.5
CHEBI:16414	C5H11NO2	CC(C)[C@H](N)C(O)=O	InChI=1S/C5H11NO2/c1-3(2)4(6)5(7)8/h3-4H,6H2,1-2H3,(H,7,8)/t4-/m0/s1	L-Valine			NCBITAXON:http://purl.bioontology.org/ontology/STY/T016	Human										81.5	61.4	42.9	33.3	43.3	37.9	51.5	48	62.1	54.5	28	38.2	50.5	42.1	58	55	48.5	53.2	37.9	35.3	48.1	48.8	106.4	43.2	71.6	58.1	54	40.5	71.3	51.8	62.2	55.8	47.3	52.7	49	78.9	61.5	72.4	46.3	58	47.4	50.8	45.6	55.5	51.8	49.4	51.9	60.5	51.2	43	61.3	50.2	46.7	55.5	58.8	57.4	50.3	50.5	57	9.8	7.1	7.6	18.2	2.9	5.4	14	1.3	8.7	18.7	15.9	24	16.3	12.1	9.5	5.3	21	12.4	8.3	23.1	8.5	12	7	7.6	20.4	9.3	15.3	8	6.5	4.3	12.6	14.9	15.2	13.2	5	8.5	6.5	7.2	21.8	8.4	16.9	26.3	11.5	14.3	11.1	6.1	12	7.1	8.3	19.9	22.6	25.7	9.3	18.6	15.3	21.4	24.8	20
